NomEntreprise,Adresse,Municipalite,CodePostal,Territoire,SiteWeb
À la Fût coop de travail brassicole,670 rue Notre-Dame,Saint-Tite,G0X3H0,Mékinac,www.alafut.qc.ca
L'orchestre symphonique de Trois-Rivières inc.,190 RUE Bonaventure APP: 100 CP: 1281,Trois-Rivières,G9A5K8,Trois-Rivières,ostr.ca
Club de golf le St-Rémi,660 ch. Saint-Charles,Lac-aux-Sables,G0X1M0,Mékinac,www.golfstremi.com/parcours/tawachiche
Coopérative d'habitation Place Soleil de Trois-Rivières,3900 rue Louis-Pinard APP: 17,Trois-Rivières,G8Y4L9,Trois-Rivières,
"Maison Origami, coopérative de solidarité",3845 rue de Turenne,Trois-Rivières,G8Y6K6,Trois-Rivières,
Club Anowepo,42 rue Radisson,La Tuque,G9X3M1,La Tuque,www.clubanowepo.ca
Recycle 3R Mauricie,1090 rue De La Vérendrye,Trois-Rivières,G9A2S8,Trois-Rivières,
Coopérative de solidarité Cent-Arts,1525 rue Laviolette,Trois-Rivières,G9A1W5,Trois-Rivières,cent-arts.ca
Association coopérative d'économie familiale de la Mauricie (ACEF),274 rue Bureau,Trois-Rivières,G9A2M7,Trois-Rivières,www.v3r.net/activites-et-loisirs/repertoire-des-organismes/association-cooperative-deconomie-familiale-de-la-mauricie-acef
Résidence Christ-Roi,1190 Rue Notre Dame,Shawinigan,G9N3S4,Shawinigan,residencechristroi.ca
Centre Landry,1954 rue Saint-François-d'Assise,Trois-Rivières,G9A1N5,Trois-Rivières,centrelandry.com
Musée Pierre Boucher,"858, rue Laviolette",Trois-Rivières,G9A5J1,Trois-Rivières,www.museepierreboucher.com
Taxis coop de la Mauricie 1992,3055 boulevard des Forges,Trois-Rivières,G8Z1V4,Trois-Rivières,taxiscoopmauricie.com
Groupe RCM inc.,2390 RUE Louis-Allyson,Trois-Rivières,G8Z4P3,Trois-Rivières,www.groupercm.com
Sanatorium historique Lac Édouard,400 RUE Principale,Lac-Édouard,G0X3N0,La Tuque,lesan.org
Hébergement adapté et supervisé des Chenaux,44 rang de la Rivière-à-Veillet,Sainte-Geneviève-de-Batiscan,G0X2R0,Des Chenaux,
Coopérative d'utilisation de machinerie agricole Des Rivières,2411 ch. Saint-Thomas,Sainte-Thècle,G0X3G0,Mékinac,www.cumacanada.ca
Les Horizons ouverts,7750 Bd des Hêtres,Shawinigan,G9N4X4,Shawinigan,
CPE La Maisonnée,1800 rue Saint-Paul APP: 108,Trois-Rivières,G9A1J7,Trois-Rivières,
Promutuel Portneuf-Champlain,"439 Rue Barkoff,",Trois-Rivières,G8T2A5,Trois-Rivières,www.promutuelassurance.ca/fr/portneuf-champlain
La société Saint-Vincent de Paul de Trois-Rivières,2580 rue Royale,Trois-Rivières,G9A4L5,Trois-Rivières,www.ssvp-quebec.ca/accueil
Coopérative de solidarité santé Les Grès,190 rue Saint-Honoré APP: 202,Saint-Étienne-des-Grès,G0X2P0,Maskinongé,www.cliniquemedicalelesgres.ca
Centre d'escalade La Tuque,380 rue Jacques-Buteux,La Tuque,G9X2C6,La Tuque,escaladelatuque.wixsite.com
Radio Shawinigan Inc.,"636, 5e rue de la Pointe",Shawinigan,G9N8N9,Shawinigan,shawi.countrypop.ca
Festival international de Danse Encore,1180 RUE Royale APP: 230,Trois-Rivières,G9A4J1,Trois-Rivières,dansencore.ca
Coop de solidarité Coasis,7B ch. Masse APP: 100,Trois-Rivières,G8W1H2,Trois-Rivières,
La Fenêtre centre d'immersion aux arts,108 boul. Sainte-Madeleine,Trois-Rivières,G8T3L3,Trois-Rivières,lafenetre3r.org
Coopérative universitaire de Trois-Rivières,3351 boul. des Forges,Trois-Rivières,G8Z4M3,Trois-Rivières,cooputr.qc.ca
Corporation TGV Net Mauricie,"1250, avenue de la Station",Shawinigan,G9N8K9,Shawinigan,www.tgvnet.ca
Au grenier du sport Grand-Mère,1580 10e Avenue,Shawinigan,G9T1V4,Shawinigan,
Coopérative funéraire de la Mauricie,2280 105e Avenue,Shawinigan,G9P1P1,Shawinigan,www.cooperativefunerairemauricie.com
"Coopérative d'habitation ""La Rose des Vents"" de Shawinigan-Sud","95, Rue Pruneau",Shawinigan,G9P4V8,Shawinigan,
"Atelier Chocolaté, une division de l'Atelier des Vieilles Forges",802 Pl. Boland,Trois-Rivières,G8Z4H2,Trois-Rivières,
Les amis du hameau de la rivière St-Maurice Maikan,2206 boul. des Chenaux,Trois-Rivières,G9A1A1,Trois-Rivières,
Les trouvailles de Mékinac,752 boul. Saint-Joseph,Saint-Tite,G0X3H0,Mékinac,www.cabmekinac.org
Club Moose-Sipi inc.,1151 Grand Rang,Saint-Tite,G0X3H0,Mékinac,
CPE Le petit Champlain,15 rue Massicotte,Champlain,G0X1C0,Des Chenaux,
Corporation transport adapté Mékinac ( C.T.A.M.),301 rue Saint-Jacques APP: 206,Sainte-Thècle,G0X3G0,Mékinac,www.ctamekinac.qc.ca
"Centre d'entrepreneuriat Shawinigan, coopérative de solidarité",1250 ave de la Station,Shawinigan,G9N8K9,Shawinigan,ceads.ca
Salon du livre de Trois-Rivières,60 RUE St-Antoine APP: 100,Trois-Rivières,G9A0C4,Trois-Rivières,www.sltr.qc.ca
Coopérative d'habitation Ste-Famille du Cap-de-la-Madeleine,60 Rue Perreault,Trois-Rivières,G8T9S2,Trois-Rivières,
L'évasion service de gardiennage et de répit,154 rue Toupin,Trois-Rivières,G8T3Z9,Trois-Rivières,www.levasion.org/index2.html
CPE Le manège des Tout-petits inc.,2090 10e Rue,Shawinigan,G9T6V8,Shawinigan,www.monsitew.com/Site/cpemanegedestoutpetits/ZonePublic/Accueil/NousJoindre
Résidence Le Jardin,897 rue St-Pierre,Trois-Rivières,G9A4W5,Trois-Rivières,résidencelejardin.com
CPE Entre deux nuages,928 rue Guilbert,Trois-Rivières,G8T5V7,Trois-Rivières,
Ciné-Campus,"858, rue Laviolette",Trois-Rivières,G9A5J1,Trois-Rivières,www.cinecampustr.com
SAMBBA OBV Batiscan-Champlain,"211, rue de l'Église",Sainte-Geneviève-de-Batiscan,G0X2R0,Des Chenaux,www.sambba.qc.ca
Coopérative de solidarité Le Nouvelliste,1920 rue Bellefeuille,Trois-Rivières,G9A3Y2,Trois-Rivières,www.lenouvelliste.ca
L'interville coop de solidarité en soins et services,3550 rue de Cherbourg APP: 104,Trois-Rivières,G8Y6S6,Trois-Rivières,www.interville.ca
Coop Nitaskinan (Bureau et Espace culturel Onikam),"500 avenue Broadway, bur. 001",Shawinigan,G9N1M3,Shawinigan,www.coopnitaskinan.com
Club Ingall inc.,301 rue Rocheleau,Hérouxville,G0X1J0,Mékinac,
CPE Le Petit navire inc.,2770 rue Forest,Trois-Rivières,G8Z4K8,Trois-Rivières,www.facebook.com/profile.php?id=100057401750203
Formation accès intégration travail (fait) inc.,1110 boul. Thibeau,Trois-Rivières,G8T7B2,Trois-Rivières,fait3r.org
Caravane Philanthrope,2700 Laviolette,Trois-Rivières,G8Z1E5,Trois-Rivières,caravanephilanthrope.com/a-propos
Association coopérative d'habitation étudiante des Forges,1550 rue du Père-Marquette,Trois-Rivières,G8Z4G5,Trois-Rivières,
Corporation de développement communautaire Des Chenaux,44 rang de la Rivière-à-Veillet,Sainte-Geneviève-de-Batiscan,G0X2R0,Des Chenaux,cdcdeschenaux.ca
Coop de solidarité de Lac-Édouard,148 RUE Principale,Lac-Édouard,G0X3N0,La Tuque,
Coop Aux berges du Lac Castor,3800 chemin des Allumettes,Saint-Paulin,J0K3G0,Maskinongé,www.laccastor.com
Coopérative de travail Inter-Nations,"22 RUE AMISKW, C.P. 162",Obedjiwan,G0W3B0,La Tuque,
Le Costumier Chavigny,365 rue Chavigny,Trois-Rivières,G9B1A7,Trois-Rivières,
Corporation de Transports collectifs de la MRC de Maskinongé,"80, rue St-Jacques, local 130",Louiseville,J5V1C2,Maskinongé,www.ctcmaskinonge.org
Les concerts d'orgue pro-organo (Mauricie) inc.,3690 boul. des Chenaux,Trois-Rivières,G8Y1A4,Trois-Rivières,proorgano.ca
Corporation du pont Rivière-aux-rats,375 rue Saint-Joseph,La Tuque,G9X1L5,La Tuque,
Association sportive du Gros Brochet inc.,582 4e rue de la Pointe,Shawinigan,G9N1G8,Shawinigan,
La maitrise du cap inc.,775 rue Berlinguet,Trois-Rivières,G8T2H1,Trois-Rivières,maitriseducap.qc.ca/v2
Club de chasse & pêche Pandora inc.,4030 rue de l'Hôtel-de-Ville,Notre-Dame-du-Mont-Carmel,G0X3J0,Des Chenaux,
L'association de chasse et de pêche de la Mauricie inc.,4640 rue De Carufel,Notre-Dame-du-Mont-Carmel,G0X3J0,Des Chenaux,
Trois-Rivières en blues inc.,100 AVE Des Draveurs CP: 368,Trois-Rivières,G9A5H3,Trois-Rivières,www.3renblues.com
Compagnie des cimetières Notre-Dame-du-Cap,1441 rue Notre-Dame E,Trois-Rivières,G8T4J9,Trois-Rivières,cimetieresnotredameducap.com
Atelier et galerie d'art Factrie 701,"701, 4e rue",Shawinigan,G9T6J3,Shawinigan,www.factrie701.com
Initiatives 1-2-3-4 (La petite place des arts),1781 CH. Principal,Saint-Mathieu-du-Parc,G0X1N0,Maskinongé,
Maison de répit-ADI,"2153, Gignac",Shawinigan,G9N3X3,Shawinigan,adi-mauricie.ca
Atelier Action Jeunesse TR inc.,3275 rue Girard,Trois-Rivières,G8Z2M5,Trois-Rivières,www.atelieraction.org
Collège Laflèche,1687 boul. du Carmel,Trois-Rivières,G8Z3R8,Trois-Rivières,www.clafleche.qc.ca
Coopérative de solidarité agroalimentaire régionale de la MRC de Maskinongé,366 rue Sainte-Anne,Yamachiche,G0X3L0,Maskinongé,
Coopérative d'habitation Le Domaine Champlain de St-Georges,670 208e Avenue,Shawinigan,G9T6X9,Shawinigan,
Les sages fous,80 rue Saint-François-Xavier,Trois-Rivières,G9A0A6,Trois-Rivières,www.sagesfous.com
Corporation de développement communautaire Mékinac,301 rue Saint-Jacques APP: 215,Sainte-Thècle,G0X3G0,Mékinac,cdcmekinac.org
Association nature inc.,590 ch. Saint-Joseph,Trois-Rives,G0X2C0,Mékinac,
PLEIN AIR VILLE-JOIE,11441 rue Notre-Dame O,Trois-Rivières,G9B6W5,Trois-Rivières,ville-joie.com
Coopérative de solidarité hébergement de St-Rémi du lac-aux-Sables,386 rue Lavallée,Lac-aux-Sables,G0X1M0,Mékinac,
CPE-BC Flocons de rêve,"1875, boul. Notre-Dame",Saint-Maurice,G0X2X0,Des Chenaux,www.floconsdereve.com
Coopérative d'habitation du fleuve de Trois-Rivières-Ouest,130 RUE Sirois APP: 9,Trois-Rivières,G9A2X6,Trois-Rivières,
Cuisine Coopérative de Solidarité - Mauricie,2182 rue Saint-Philippe,Trois-Rivières,G9A4V7,Trois-Rivières,
Immeuble multiservice Des Chenaux,44 rang de la Rivière-à-Veillet,Sainte-Geneviève-de-Batiscan,G0X2R0,Des Chenaux,cdcdeschenaux.ca/organismes
Point de Rue,337 rue Laurier,Trois-Rivières,G9A2R4,Trois-Rivières,pointderue.com
Caisse Desjardins de Mékinac- Des-Chenaux,400 rue Notre-Dame,Saint-Tite,G0X3H0,Mékinac,www.desjardins.com/votre-caisse/index.jsp?transit=81510081
Le club Jockey du Québec,1850 boul. des Forges,Trois-Rivières,G8Z0A2,Trois-Rivières,hippodrome3r.ca
Coopérative d'électricité L.T.M,5270 rue Loiselle,Trois-Rivières,G8Y6M5,Trois-Rivières,cdltm.org
Coopérative le voisinage du Bout du Monde,3501 ch. des Trembles,Saint-Paulin,J0K3G0,Maskinongé,baluchon.com/coop-le-voisinage-du-bout-du-monde
Les nouveaux compagnons inc.,1425 PLACE de l'Hôtel-de-ville CP: 368,Trois-Rivières,G9A5H3,Trois-Rivières,tnc.quebec
Autonomie Jeunesse inc.,3425 rue De Courval,Trois-Rivières,G8Z1S8,Trois-Rivières,www.autonomiejeunesse.com
CPE le Pipandor,90 119E RUE CP 1032,Shawinigan,G9P4E6,Shawinigan,cpelepipandor.com
Coopérative de solidarité les Petits Bâtisseurs,1 RUE des Cerisiers,Maskinongé,J0K1N0,Maskinongé,
Coopérative des producteurs de boeuf de la Mauricie,420 rang Saint-Joseph,Saint-Adelphe,G0X2G0,Mékinac,
Coopérative des travailleurs de Savik Super-Chrome,2875 rue de l'Industrie,Trois-Rivières,G8Z3X9,Trois-Rivières,www.savik.com
Coopérative de solidarité de services à domicile Haute-Mauricie,"290, rue St-Joseph",La Tuque,G9X3Z8,La Tuque,
Coopérative Pompon laine café,667 rue Bonaventure,Trois-Rivières,G9A2B9,Trois-Rivières,pomponlainecafe.com
CPE Les soleils de Mékinac,2 rue Saint-Gabriel,Saint-Tite,G0X3H0,Mékinac,www.monsitew.com/Site/cpelessoleilsdemekinac/ZonePublic/Accueil/LaUne
Maison Carignan inc.,7515 boul. Parent,Trois-Rivières,G9C0M5,Trois-Rivières,www.maisoncarignan.qc.ca
Club de golf et de curling La Tuque (2008) inc.,35 rue Beaumont,La Tuque,G9X3G8,La Tuque,golfcurlinglatuque.com
Coop Solidarité Santé Pointe-du-Lac,"10300, ch. Ste-Marguerite 2e étage CP 4084, succ. A",Trois-Rivières,G9B7Y6,Trois-Rivières,www.coopsantepdl.ca
Centre loisir Multi-plus,3730 rue Jacques-De Labadie,Trois-Rivières,G8Y5K7,Trois-Rivières,multi-plus.ca
Friperie Pointe du Lac,10607 ch. Sainte-Marguerite,Trois-Rivières,G9B6N6,Trois-Rivières,www.facebook.com/Friperie-Pointe-du-Lac-organisme-sans-but-lucratif-105998170942642
Coopérative de solidarité des auteurs de jeux d'édition,1275-03 rue Sainte-Julie,Trois-Rivières,G9A1Y7,Trois-Rivières,www.cajeclub.ca
"Le Sabord, revue culturelle",154 rue Radisson,Trois-Rivières,G9A2C3,Trois-Rivières,www.lesabord.qc.ca
Coopérative forestière du Haut St-Maurice,50 rue Bostonnais,La Tuque,G9X2E8,La Tuque,cfhsm.ca
Le Gyroscope du bassin de Maskinongé,393 av. Saint-Laurent,Louiseville,J5V1K4,Maskinongé,legyroscope.org
Aide Chez Soi de l’Énergie,"525, 5e rue de la Pointe",Shawinigan,G9N1E7,Shawinigan,aideenergie.ca
Coopérative de solidarité santé de Ste-Thècle,115 rue Lacordaire,Sainte-Thècle,G0X3G0,Mékinac,gmfvb.ca/cooperative-solidarite-sante-de-sainte-thecle
Centre multiservices communautaires,431 ch. des Frênes,Shawinigan,G9R1P5,Shawinigan,
Cohabitat Mont Otis,100 rang du Soleil,Notre-Dame-de-Montauban,G0X1W0,Mékinac,cohabitatmontotis.org/heberg.shtml
Groupe Voix de femmes - Maison la Tradition,1210 Chemin Principal,Saint-Mathieu-du-Parc,G0X1N0,Maskinongé,
Coop de Solidarité de Mékinac,590 chemin St-Joseph,Trois-Rives,G0X2C0,Mékinac,
Coop de solidarité santé de Pointe-du-Lac,10300 CH. Ste-Marguerite APP: Ét. 2,Trois-Rivières,G9B6M4,Trois-Rivières,www.coopsantepdl.ca/accueil/bienvenue
Service de secrétariat communautaire Des Chenaux,44 rang de la Rivière-à-Veillet,Sainte-Geneviève-de-Batiscan,G0X2R0,Des Chenaux,cdcdeschenaux.ca/organismes
Centre Ressources Naissance,690 boul. Des Récollets,Trois-Rivières,G8Z3V9,Trois-Rivières,www.ressourcesnaissance.ca
Coopérative de solidarité Villa Des Sablois,800 rue Saint-Alphonse,Lac-aux-Sables,G0X1M0,Mékinac,
CPE La tourelle de l'énergie,"1452, rue Gigaire",Shawinigan,G9N3W4,Shawinigan,cpetourelleenergie.ca
Caisse Populaire Desjardins de St-Alexis-Des-Monts,"41 Rue Richard,",Saint-Alexis-des-Monts,J0K1V0,Maskinongé,
Gestion Phénix,627 rue Principale,Saint-Étienne-des-Grès,G0X2P0,Maskinongé,
Coopérative forestière du bas St-Maurice,1780A boul. Trudel E,Saint-Boniface,G0X2L0,Maskinongé,www.cfbsm.com
Coopérative de travailleurs actionnaire de MESAR,4500 RUE Charles-Malhiot,Trois-Rivières,G9B0V4,Trois-Rivières,mesar.qc.ca
Coop de Production de Systèmes Électroniques et Informatiques du Québec (Celibec),"3550, boul. Gene-H Kruger Bureau #200",Trois-Rivières,G9A4M3,Trois-Rivières,www.celibec.com
Les services de garde Gribouillis,700 rue Notre-Dame S,Louiseville,J5V1Y9,Maskinongé,gw.micro-acces.com/gribouillis/Publique/Accueil.aspx
Gym Centre-ville coop de solidarité,188 rue Radisson,Trois-Rivières,G9A2C3,Trois-Rivières,
Club de pêche et de chasse de Trois-Rivières,2675 BOUL. DU CARMEL,Trois-Rivières,G8Z3S5,Trois-Rivières,
CPE Jean-Noël Lapin,700 RUE du Marthelinois,Trois-Rivières,G8V1S9,Trois-Rivières,gw.micro-acces.com/cpejeannoellapin/Publique/Accueil.aspx
Coopérative d'habitation de la Bonaventure de Trois-Rivières,692 rue Bonaventure,Trois-Rivières,G9A2C1,Trois-Rivières,
Maison de la Madone,10 rue Denis-Caron,Trois-Rivières,G8T3W9,Trois-Rivières,www.maisonmadone.com
CPE Le petit Forgeron inc.,990 place Boland,Trois-Rivières,G8Z4H2,Trois-Rivières,www.monsitew.com/Site/cpelepetitforgeron/zonepublic/section/menu/568
CPE Premier pas de La Tuque,350 rue Brown,La Tuque,G9X2W4,La Tuque,www.cpepremierpas.com
Atelier Silex inc.,1095 rue du Père-Frédéric,Trois-Rivières,G9A3S5,Trois-Rivières,www.ateliersilex.org
Corporation Camping Le Relais Lac-aux-Sables,1000 CH. de la Traverse,Lac-aux-Sables,G0X1M0,Mékinac,www.campinglerelais.ca
Le Festival International du Film de Trois-Rivières,1285 RUE Notre-Dame-Centre CP: 1212,Trois-Rivières,G9A5K8,Trois-Rivières,tr-iff.ca
Association des Francs Copains de Windigo,"120, 11E AVENUE NORD",Sainte-Thècle,G0X3G0,Mékinac,
Coopérative de solidarité de Yamachiche,461 ch. des Caron,Yamachiche,G0X3L0,Maskinongé,
Coopérative d'aqueduc du Bois-Blanc,471 rte du Bois-Blanc,Saint-Justin,J0K2V0,Maskinongé,
Les villages étudiants inc.,"858, rue Laviolette",Trois-Rivières,G9A5J1,Trois-Rivières,www.camplacencoeur.qc.ca
Zoothérapie Mauricie,1515 rue Lapierre,Trois-Rivières,G8W2J1,Trois-Rivières,www.animauxauboulot.com
Association de chasse et de pêche de la rivière Bostonnais Nord inc.,1060 rang Saint-Pierre S,Hérouxville,G0X1J0,Mékinac,
CPE L'Arbre enchanté,455 rue des Vétérans,Trois-Rivières,G8T2W8,Trois-Rivières,
Ressource d'hébergement La Ritournelle,70 ch. Bernier,Saint-Boniface,G0X2L0,Maskinongé,
La Caisse Populaire de Notre Dame du Mont Carmel.,3960 rue Monseigneur-Béliveau,Notre-Dame-du-Mont-Carmel,G0X3J0,Des Chenaux,
L4B 35 - Coopérative de solidarité entrepreneuriale universitaire,425 rue des Forges,Trois-Rivières,G9A2H4,Trois-Rivières,
Les Petits Collégiens,500 rue des Forges,Trois-Rivières,G9A2H5,Trois-Rivières,lespetitscollegiens.com
Coopérative d'habitation Pierre Boucher du cap,40 rue Pierre-Boucher APP: 2,Trois-Rivières,G8W1N1,Trois-Rivières,
Coopérative Monark,"225, route 132 Ouest",Trois-Pistoles,G0L4K0,Trois-Rivières,
Les écrits des Forges,992A rue Royale,Trois-Rivières,G9A4H9,Trois-Rivières,www.ecritsdesforges.com
Buffet Bouff'Elles,"1060, rue St-François-Xavier",Trois-Rivières,G9A1R8,Trois-Rivières,www.buffetsbouffelles.com
Corporation touristique de Batiscan,"1000, rue Principale",Batiscan,G0X1A0,Des Chenaux,www.batiscan.ca/fr/tourisme/corporation
Coop de solidarité Multiservices Montauban,545 av. des Loisirs,Notre-Dame-de-Montauban,G0X1W0,Mékinac,
Coopérative de solidarité en technique de scène,1425 PLACE de l'Hôtel-de-ville CP: 368,Trois-Rivières,G9A5H3,Trois-Rivières,
Coopérative de solidarité santé Le Rocher,1050 8e Rue,Shawinigan,G9T4L4,Shawinigan,cooplerocher.com
"Coopérative d""habitation Solveil de Trois-Rivières",5085 rue Chabanel APP: 2,Trois-Rivières,G8Y5GY,Trois-Rivières,
Regroupement des métiers d'art de la Mauricie,1425 PLACE de L'Hôtel de ville,Trois-Rivières,G9A5H3,Trois-Rivières,www.emametiersdart.ca
Coopérative d'aide à domicile de la MRC de Maskinongé,760 boul. Saint-Laurent E,Louiseville,J5V1H9,Maskinongé,www.cadmaski.com
Coop HD Québec (hygiénistes dentaires autonomes),130-1060 rue St-François-Xavier,Trois-Rivières,G9A1R8,Trois-Rivières,Coop HD Québec (hygiénistes dentaires)
Groupe Envir-eau-sol inc.,680 rue Sainte-Anne,Yamachiche,G0X3L0,Maskinongé,
Centre Communautaire De Loisirs Jean-Noël Trudel,55 Rue Mercier,Trois-Rivières,G8T5R3,Trois-Rivières,centrejnt.com
Séminaire de Trois-Rivières,"858, rue Laviolette",Trois-Rivières,G9A5J1,Trois-Rivières,ssj.qc.ca
Les cuisines collectives de Francheville,1060 RUE Saint-François-Xavier APP: 145 B,Trois-Rivières,G9A1R8,Trois-Rivières,
Caisse Desjardins de l'ouest de la Mauricie,75 avenue Saint-Laurent,Louiseville,J5V1J6,Maskinongé,www.desjardins.com/votre-caisse/index.jsp?transit=81510106
Caisse populaire Desjardins de Maskinongé,62 rue Saint-Aimé,Maskinongé,J0K1N0,Maskinongé,www.desjardins.com/votre-caisse/index.jsp?transit=81510035
P'tit Marché des Chenaux,375 BOUL. de Lanaudière,Sainte-Anne-de-la-Pérade,G0X2J0,Des Chenaux,www.ptitmarchedeschenaux.org
Club de chasse et de pêche St-Maurice,2800 CHEMIN WAYAGAMAK,La Tuque,G9X3P6,La Tuque,www.clubstmaurice.com
Association récréative Club Latuquois inc.,1529 ch. Fitzpatrick,La Tuque,G9X3N7,La Tuque,www.ville.latuque.qc.ca/fr/repertoire/2379/club-latuquois
Services communautaires Batiscan inc.,601 rue Principale,Lac-aux-Sables,G0X1M0,Mékinac,
Hauts Boisés de Grand-Mère,"1601, 10e avenue",Shawinigan,G9N1H5,Shawinigan,
Maison de Transition de la Batiscan,1605 rue Principale,Saint-Saintanislas,G0X3E0,Des Chenaux,www.maisonbatiscan.com
Centre nautique de Grandes-Piles,253 ch. de Florence,Grandes-Piles,G0X1H0,Mékinac,centrenautiquedegrandespiles.com
CAB du Rivage,1 Rue Fusey local 101,Trois-Rivières,G8T2T2,Trois-Rivières,
Les Incroyables comestibles Saint-Adelphe,215 rue Principale,Saint-Adelphe,G0X2G0,Mékinac,
Coop l'anglais à la carte,39 rue Vaillancourt,Trois-Rivières,G8T1Y6,Trois-Rivières,cooplanglaisalacarte.business.site
St-Adelforce inc.,150 RUE BAILLARGEON C.P. 179,Saint-Adelphe,G0X2G0,Mékinac,
Les Éditions communautaires des Chenaux,"44, Chemin Rivière-à-Veillet",Sainte-Geneviève-de-Batiscan,G0X2R0,Des Chenaux,lebulletin-enligne.com
Musée du baseball Fernand-Bédard,231 rue des Érables,Trois-Rivières,G8T5G9,Trois-Rivières,www.facebook.com/museebaseballmuseum
Odaci danse et cirque,"269, 5E rue de la Pointe",Shawinigan,G9N1E2,Shawinigan,www.odaci.shop
Club de chasse et pêche Grand-Mère,135 boul. Thibeau,Trois-Rivières,G8T6X8,Trois-Rivières,
Opéra de Trois-Rivières,861 rue du Haut-Boc,Trois-Rivières,G9A4W7,Trois-Rivières,operadetroisrivieres.org
Pavillon St-Arnaud,2900 Mgr. St-Arnaud,Trois-Rivières,G9A5L2,Trois-Rivières,www.pavillonst-arnaud.com
"Collectif des artistes en arts visuels de la MRC Des Chenaux, Coopérative de solidarité Cent-Arts",1525 rue Laviolette,Trois-Rivières,G9A1W5,Des Chenaux,
CPE L'Univers de Mamuse et Méduque inc.,2855 RUE Monseigneur Saint-Arnaud CP: 486,Trois-Rivières,G9A5H5,Trois-Rivières,www.cpemamu.com
"Coopérative de solidarité Abattoir Massicotte",3720 rang Saint-Alexis,Saint-Luc-de-Vincennes,G0X3K0,Des Chenaux,
Friperie St-Louis,815 rue Louis-de-France,Trois-Rivières,G8T1A2,Trois-Rivières,
Association générale des étudiants du cegep de Trois-Rivières inc.,3175 boul. Laviolette,Trois-Rivières,G8Z1E9,Trois-Rivières,agectr.ca
Coopérative de solidarité d'intégration socio-professionnelle Adirondak,911 NOTRE-DAME SUD,Louiseville,J5V2L4,Maskinongé,www.coopadirondak.ca
Coopérative Vision - Éducation,"3550, rue Marguerite-Seigneuret",Trois-Rivières,G9B0M5,Trois-Rivières,
Corporation de Transport Adapté et Collectif du Haut St-Maurice,"885, Boul. Ducharme, bureau SS-23",La Tuque,G9X3C1,La Tuque,www.ctachsm.org
Festi-volant Grandes-Piles,630 4e Avenue,Grandes-Piles,G0X1H0,Mékinac,www.festivolant.com
Agence immobilière sociale,1060 rue Saint-François-Xavier APP: 330,Trois-Rivières,G9A1R8,Trois-Rivières,www.v3r.net/activites-et-loisirs/repertoire-des-organismes/agence-immobiliere-sociale
Académie Taekwon-do Pierre Laquerre de St-Étienne-des-Grès,220 av. Richard,Saint-Boniface,G0X2L0,Maskinongé,www.atpl-itf.com
CPE Flocons de Rêve inc.,1875 rue Notre-Dame,Saint-Maurice,G0X2X0,Des Chenaux,www.floconsdereve.com
CPA St-Boniface Les Perce-Neige,180 RUE LANGEVIN,Saint-Boniface,G0X2L0,Maskinongé,
Corporation de l'exposition agricole du centre-du-Québec,1760 AVENUE GILLES VILLENEUVE CASE POSTALE 1268,Trois-Rivières,G9A5K8,Trois-Rivières,expotr.ca
Coopérative de solidarité Echo consultants historiques,1690 rue Pierre-F.-Pinsonneault,Trois-Rivières,G8Y6S3,Trois-Rivières,
Allaitement-Soleil,"557, 4ième rue de la Pointe",Shawinigan,G9N1G9,Shawinigan,www.allaitement-soleil.org
Le Bucafin - Cybernet café de Trois-Rivières,920 boul. du Saint-Maurice,Trois-Rivières,G9A3P9,Trois-Rivières,bucafin.qc.ca
Le temps d'une pinte coop de travail brassicole,1465 rue Notre-Dame Centre,Trois-Rivières,G9A4X4,Trois-Rivières,letempsdunepinte.ca
Corporation de développement communautaire de Trois-Rivières,399-A BLVD Ste-Madeleine APP: 207,Trois-Rivières,G8T3M8,Trois-Rivières,cdc3r.org
Coopérative Enfant Nature,"1900, avenue Melville, CP 3",Shawinigan,G9N6T8,Shawinigan,www.coopenfantnature.org
Association forestière de la Vallée du St-Maurice,500 avenue Broadway - Bur 210-220,Shawinigan,G9N1M3,Shawinigan,afvsm.qc.ca
Les productions théâtrales TGP,70 rue Langelier,Trois-Rivières,G8W1S9,Trois-Rivières,tgptheatre.com
CPE Carmel la Sauterelle,200 rue Saint-Honoré,Saint-Étienne-des-Grès,G0X2P0,Maskinongé,
Camp Minogami,"2630 Chem. Principal,",Saint-Gérard-des-Laurentides,G9R1W3,Shawinigan,www.camps-odyssee.com
SIT-Mauricie (Service d'intégration au travail),1090 rue De La Vérendrye,Trois-Rivières,G9A2S8,Trois-Rivières,www.sitmauricie.com
La maison du commis-voyageur,115 av. Saint-Laurent,Louiseville,J5V1J6,Maskinongé,
Bassin versant Saint-Maurice (BVSM),1395 ch. Principal,Shawinigan,G9R1E5,Shawinigan,www.bvsm.ca
CPE Sakihitokiwan,32C rue Tcikatnaw,Obedjiwan,G0W3B0,La Tuque,
Camp Val Notre-Dame,100 ch. Val-Notre-Dame,Hérouxville,G0X1J0,Mékinac,www.campvalnotre-dame.com
Arche Mauricie inc.,570 rue Saint-Paul,Trois-Rivières,G9A1H8,Trois-Rivières,www.larchemauricie.com/fr
Association chasse et pêche Flechée inc.,2420 RTE 155 S,La Tuque,G9X3N8,La Tuque,
Journal Le Stéphanois inc.,1260 RUE St-Alphonse CP: 282,Saint-Étienne-des-Grès,G0X2P0,Maskinongé,www.lestephanois.ca
Caisse Desjardins du centre-de-la-Mauricie,2500 105e Avenue,Shawinigan,G9P1P6,Shawinigan,www.desjardins.com/votre-caisse/index.jsp?transit=81510001
Corporation de développement communautaire de St-Boniface de Shawinigan inc.,"180 RUE LANGEVIN, CASE POSTALE 2027",Saint-Boniface,G0X2L0,Maskinongé,
Moulin seigneurial de la Pointe-du-Lac inc.,11930 NOTRE-DAME OUEST,Trois-Rivières,G9B6X1,Trois-Rivières,moulin-pointedulac.com
Transport adapté & collectif des Chenaux,"660b, rue Principale",Saint-Luc-de-Vincennes,G0X3K0,Des Chenaux,
Coopérative d'habitation royale de shawinigan,1982 rue Alexandre-Gélinas APP: 3,Shawinigan,G9N8K4,Shawinigan,
Collège Marie-de-l'incarnation,725 RUE HART,Trois-Rivières,G9A4R9,Trois-Rivières,cmitr.qc.ca
Parc de la rivière Batiscan,200 chemin du Barrage,Saint-Narcisse,G0X2Y0,Des Chenaux,parcbatiscan.ca
La Villa Tournesol,80 116e Rue,Shawinigan,G9P5K7,Shawinigan,villatournesol.org
Journal communautaire parent,"2 RUE DE L'HÔTEL DE VILLE, C.P. 246",Parent,G0X3P0,La Tuque,
"mouv, académie de danse","1 Rue Fusey Suite 103,",Trois-Rivières,G8T2T2,Trois-Rivières,
Association chasse et pêche et villégiature du tawachiche inc.,202 CHEMIN TAWACHICHE C.P. 1075,Lac-aux-Sables,G0X1M0,Mékinac,zectawachiche.reseauzec.com
Coop de solidarité en services immobiliers - Habitations populaires du Québec,1160 terr. Turcotte,Trois-Rivières,G9A5C6,Trois-Rivières,habitationsduquebec.com/index.php
Mis-mek communautaire,258 ch. Saint-Joseph,Trois-Rives,G0X2C0,Mékinac,www.facebook.com/Camping-et-Rampe-de-Mise-%C3%A0-leau-Mis-Mek-Communautaire-365306330187633
"Coop de solidarité radio communautaire de la MRC de Maskinongé Country POP 103,1",47 rue Saint-Thomas,Louiseville,J5V2A3,Maskinongé,
Association de chasse et pêche Asjtabec inc.,55 rue du Domaine-Morency,La Tuque,G9X3N7,La Tuque,zecborgia.reseauzec.com
SACERF Macousine inc.,2 CH. Petit Lac Ecarté,La Tuque,G9X3N6,La Tuque,zeckiskissink.reseauzec.com
Premier envol,20 rue Marcelle-Ferron APP: 1,Louiseville,J5V0A1,Maskinongé,premierenvol2007.wixsite.com/premier-envol
Centre d'organisation Mauricien de services et d'éducation populaire COMSEP,1060 rue Saint-François-Xavier APP: 250,Trois-Rivières,G9A1R8,Trois-Rivières,comsep.qc.ca
CPE La Bottine Souriante,4895 boul. de Shawinigan-Sud,Shawinigan,G9N6T5,Shawinigan,www.cpebottinesouriante.com
Coopérative de solidarité équestre St-Pierre,151 rue Principale,Saint-Étienne-des-Grès,G0X2P0,Maskinongé,
"Groupe ""Voix de femmes St-Mathieu-du-Parc""",1210 ch. Principal,Saint-Mathieu-du-Parc,G0X1N0,Maskinongé,
Coopérative d'habitation St-Philippe de Trois-Rivières,3675 boul. du Chanoine-Moreau APP: 211,Trois-Rivières,G8Y5M6,Trois-Rivières,
Centre des arts et sciences,693 rue des Ursulines,Trois-Rivières,G9A5B3,Trois-Rivières,
La coopérative de solidarité le 507,507 rue Saint-Georges,Trois-Rivières,G9A2K7,Trois-Rivières,www.le507.coop
Atelier des Vieilles Forges inc.,1000 place Boland,Trois-Rivières,G8Z4H2,Trois-Rivières,avf.qc.ca
AlterNature Centre d'apprentissage libre,3981 rang des Grès,Notre-Dame-du-Mont-Carmel,G0X3J0,Des Chenaux,www.facebook.com/AlterNature-Centre-dapprentissage-libre-105656858250589/?ref=page_internal
Moisson Mauricie / Centre-du-Québec,1579 rue Laviolette,Trois-Rivières,G9A1W5,Trois-Rivières,www.moisson-mcdq.org
Auberge Internationale Premiers Quartiers,497 rue Radisson,Trois-Rivières,G9A2C7,Trois-Rivières,
Coopérative de solidarité santé de St-Boniface,157 Rue Langevin,Saint-Boniface,G0X2L0,Maskinongé,www.coopsantesaint-boniface.com
Musée POP,200 rue Laviolette,Trois-Rivières,G9A6L5,Trois-Rivières,museepop.ca
Caisse Populaire Desjardins Cité de Shawinigan,"1795 Av. Saint-Marc,",Shawinigan,G9N2H6,Shawinigan,
Centre d'Apprentissage et de Formation en Entrepreneuriat féminin (CAFE féminin),1250 ave de la Station,Shawinigan,G0N8K9,Shawinigan,
La Nature d'Alexis coopérative de solidarité,180 rue Notre-Dame,Saint-Alexis-des-Monts,J0K1V0,Maskinongé,lanaturedalexis.com
Comité zip les deux rives,3930 rue Louis-Pinard,Trois-Rivières,G8Y4L9,Trois-Rivières,www.zip2r.org/accueil
CPE Le Cheval Sautoir,678 rue Hart,Trois-Rivières,G9A4R8,Trois-Rivières,www.monsitew.com/Site/cpelechevalsautoir/ZonePublic/Accueil/LaUne
Corporation théâtre La corde à linge,240 rue Lévis,Saint-Tite,G0X3H0,Mékinac,
CPE Margo la lune,1935 boul. Hamelin,Trois-Rivières,G8Y0A3,Trois-Rivières,
Coopérative de solidarité en habitation de Saint-Stanislas,24 rue Saint-Gabriel,Saint-Saintanislas,G0X3E0,Des Chenaux,
Radio Ville-Marie-Maurice-Centre-du-Québec,890 boul. du Saint-Maurice,Trois-Rivières,G9A3P8,Trois-Rivières,www.radiovm.com
CPE La Clé des Champs inc.,385 rue Saint-Zéphirin,La Tuque,G9X1X7,La Tuque,www.monsitew.com/Site/cpelacledeschamps/ZonePublic/Accueil
Association pour la déficience intellectuelle et du trouble du spectre l'autisme Centre-Mauricie/Mékinac,2153 RUE GIGNAC,Shawinigan,G9N3X3,Shawinigan,ADI-MAURICIE.CA
Coopérative de solidarité de développement local de Montauban,205 rte de la Traverse,Notre-Dame-de-Montauban,G0X1W0,Mékinac,
Festival de la galette de sarrasin,131 RANG PETITE RIVIERE APP: 26,Louiseville,J5V2H3,Maskinongé,festivalsarrasin.com/#notre-region
Camping Latuquois,1529 Chem. Fitzpatrick,La Tuque,G9X3N7,La Tuque,
Corporation radio Attikamekw de Wemotaci,36 rue Kenosi,Wemotaci,G0X3R0,La Tuque,
COOPÉRATIVE DE SOLIDARITÉ ETC,"511, rue Tessier",La Tuque,G9X3E8,La Tuque,coop-etc.letamtamcom.org
"Festival Western de St-Tite",581 rue Saint-Paul APP: 107,Saint-Tite,G0X3H0,Mékinac,www.festivalwestern.com
Centre de formation communautaire de la Mauricie (CFCM),399A boul. Sainte-Madeleine APP: 205,Trois-Rivières,G8T3M7,Trois-Rivières,cfcmmauricie.org
Ozias Leduc,"825, avenue Ozias-Leduc",Shawinigan,G9P1E1,Shawinigan,www.oziasleducenmauricie.com
Coopérative d'habitation le bonheur de Trois-Rivières,715 rue Hertel,Trois-Rivières,G9A1G9,Trois-Rivières,
Club l'Écureuil,1760 rang Saint-Alexis,Saint-Maurice,G0X2X0,Des Chenaux,
Coopérative de solidarité Quartier-Monde,919 Boulevard du Saint-Maurice,Trois-Rivières,G9A3R1,Trois-Rivières,coopquartiermonde.ca
Coopérative de solidarité Canada-Burundi,1565 rue de Rome,Trois-Rivières,G8W0A7,Trois-Rivières,
Coopérative d'aqueduc de l'Orme-isaie,1340 ch. Louis-Gatineau,Yamachiche,G0X3L0,Maskinongé,
Corporation de développement durable de Mékinac (Pont Mékinac),"560 NOTRE DAME, CP 490",Saint-Tite,G0X3H0,Mékinac,
Coopérative d'habitation l'intermède de Louiseville,1160 RUE Terrasse Turcotte,Trois-Rivières,J5V2Z3,Trois-Rivières,
Coopérative de solidarité en habitation de St-Jean-des-Piles,1531 ch. de Saint-Jean-des-Piles,Shawinigan,G0X2V0,Shawinigan,coopstjeandespiles.com
Coopérative d'habitation Ste-Madeleine du cap,455 rue Montplaisir APP: 1,Trois-Rivières,G8T3B4,Trois-Rivières,
Coopérative d'habitation le trait-d'union de Trois-Rivières- Ouest,775 rue Couture APP: 1,Trois-Rivières,G9A5Y6,Trois-Rivières,
M. le plombier coop,12340 BOUL. Loranger,Trois-Rivières,G9B1H7,Trois-Rivières,
Coopérative d'habitation des Trois Pèlerins,580 rue Forget APP: 3,Trois-Rivières,G8T6C8,Trois-Rivières,
Association Presse-Papiers inc.,73 rue Saint-Antoine,Trois-Rivières,G9A2J2,Trois-Rivières,www.pressepapier.net
Caisse Desjardins de l'Est de Trois-Rivières,670 boul. Thibeau,Trois-Rivières,G8T6Z8,Trois-Rivières,www.desjardins.com/votre-caisse/index.jsp?transit=81510006
CPE Le Moulin des Bambins,51 de la Sablière,Trois-Rivières,G9B7A7,Trois-Rivières,
Les Ateliers de la Fondation TCC MCQ,"39, rue Bellerive,",Trois-Rivières,G8T6J4,Trois-Rivières,fondationtcc.org
Musée des Ursulines de Trois-Rivières,734 rue des Ursulines,Trois-Rivières,G9A5B5,Trois-Rivières,musee-ursulines.qc.ca
Coopération d'habitation l'Entretoit de Trois-Rivières,5450 rue Léon-Méthot,Trois-Rivières,G8Y5M2,Trois-Rivières,
Coopérative d'habitation Entre-Nous,"2482, rue St-Prosper, app.6",Shawinigan,G9N2X6,Shawinigan,
Coop de travail brasserie artisanale Le Trou du Diable,412 AVENUE WILLOW,Shawinigan,G9N1X2,Shawinigan,troududiable.com
Association des pourvoyeurs et pêcheurs du poisson Des Chenaux de la Rivière Ste-Anne inc.,8 rue Marcotte,Sainte-Anne-de-la-Pérade,G0X2J0,Des Chenaux,lespetitspoissons.ca/nous-joindre
Club de boxe Performance,172 rue Michener,Trois-Rivières,G8T1V9,Trois-Rivières,clubperformance.ca
Coopérative des ambulanciers de la Mauricie,7325 boul. Jean-XXIII,Trois-Rivières,G9A5C9,Trois-Rivières,www.ambulancecam.com
Cuisine Coopérative de solidarité - La Boîte à Lunch,"2182 Rue St Philippe,",Trois-Rivières,G9A4V7,Trois-Rivières,cooplaboitealunch.com
"Café Édouard, coopérative de solidarité",4430 4e rang du Grand-Portage,Saint-Édouard-de-Maskinongé,J0K2H0,Maskinongé,www.lechodemaskinonge.com/societe/le-cafe-edouard-a-cesse-ses-activites-2
Coopérative de solidarité en habitation de Ste-Thècle,105 RUE Lacordaire,Sainte-Thècle,G0X3G0,Mékinac,
OBVRLY - Organisme de bassins versants des Rivières du loup et des Yamachiche,780 RUE Saint-Joseph,Saint-Barnabé,G0X2K0,Maskinongé,www.obvrly.ca
Appartenance Mauricie société d'histoire régionale,2152 RUE Cascade CP: 156,Shawinigan,G9N6T9,Shawinigan,appartenancemauricie.ca
Camp du Lac Vert,850 ch. du Lac-Vert,Saint-Mathieu-du-Parc,G0X1N0,Maskinongé,campdulacvert.net/HTML/index.html
Communo-gym (COMSEP),"1060, rue St-François-Xavier",Trois-Rivières,G9A1R8,Trois-Rivières,
La Brouette,493 rue Sainte-Julie,Trois-Rivières,G9A1X4,Trois-Rivières,www.labrouette.ca
Coopérative d'habitation du Centre de Grand-Mère,"505, 7e rue, app.6",Shawinigan,G9T4N1,Shawinigan,
Vieux presbytère de Batiscan,340 rue Principale,Batiscan,G0X1A0,Des Chenaux,
Coopérative de solidarité propulsion sports,1530 av. de Grand-Mère,Shawinigan,G9T2K1,Shawinigan,
Réseau d'Habitation Communautaire de la Mauricie,121 St-Antoine,Trois-Rivières,G9A2J3,Trois-Rivières,
Coopérative d'habitation Logi-cile de Trois-Rivières,835 rue des Ursulines,Trois-Rivières,G9A5B8,Trois-Rivières,
Camp et Auberge du Lac en Coeur,"858, rue Laviolette",Trois-Rivières,G9A5S3,Trois-Rivières,www.camplacencoeur.qc.ca
CPE Le cerf-Volant inc.,925 rue Tousignant,Trois-Rivières,G8V2R7,Trois-Rivières,
CPE Les Recrues du Cégep,2263 av. du Collège,Shawinigan,G9N6V8,Shawinigan,www.cegepshawinigan.ca/services-a-la-population/cpe-recrues-cegep
Caisse Desjardins de St-Boniface,130 rue Guillemette,Saint-Boniface,G0X2L0,Maskinongé,www.desjardins.com
Bulletin communautaire Le Tour d'y Voir,749 boul. du Saint-Maurice,Trois-Rivières,G9A3P5,Trois-Rivières,
Coop les Affranchis,141 rue du Lac-Bellerive,Saint-Élie-de-Caxton,G0X2N0,Maskinongé,www.lesaffranchis.coop
Festival de la truite mouchetée de St-Alexis-des-monts inc.,30 rue Saint-Olivier,Saint-Alexis-des-Monts,J0K1V0,Maskinongé,www.festivaldelatruitemouchetee.com
CPE six saisons,68 rue Kenosi,Wemotaci,G0X3R0,La Tuque,
Caisse Desjardins des technologies de l'information,513 rue Saint-Louis,La Tuque,G9X2X3,La Tuque,www.desjardins.com/votre-caisse/index.jsp?transit=81592260
Coopérative d'habitation l'héritage,4170 rue de Chambord,Trois-Rivières,G8Y6S7,Trois-Rivières,
La société protectrice des animaux de la Mauricie inc.,5000 BOUL. Saint-Jean,Trois-Rivières,G9B0N4,Trois-Rivières,www.spamauricie.com
Coopérative la Charrette,421 rang 1er Nord,Charette,G0X1E0,Maskinongé,coopcharrette.com
Maison Eureka,3383 rue Trudel,Shawinigan,G9N6R4,Shawinigan,
Soutien à domicile Des Chenaux,44 rang de la Rivière-à-Veillet APP: 110,Sainte-Geneviève-de-Batiscan,G0X2R0,Des Chenaux,aidechezsoideschenaux.com
Café COMSEP,"1060, rue St-François-Xavier",Trois-Rivières,G9A1R8,Trois-Rivières,
Coopérative de travail canots composites,10180 ch. Sainte-Marguerite,Trois-Rivières,G9B6M2,Trois-Rivières,canotscomposites.com
Coopérative de solidarité du Marché public de Shawinigan,2093 av. Champlain,Shawinigan,G9N2L3,Shawinigan,marchepublicshawinigan.com
Lavi-eau-champ,290 RUE PRINCIPALE APP: 111,Saint-Narcisse,G0X2Y0,Des Chenaux,www.lavieauchamp.com
Les artisans bénévoles de la paix en Mauricie,700 rue Sainte-Cécile,Trois-Rivières,G9A1L2,Trois-Rivières,www.artisansdelapaix.org
CPE Saute-Mouton inc.,3525 BOUL. LAVIOLETTE,Trois-Rivières,G8Z1E9,Trois-Rivières,www.cegeptr.qc.ca/population/cpe-saute-mouton
CPE Le Coffre à jouets,260 rue Vachon,Trois-Rivières,G8T8Y2,Trois-Rivières,
CIBES Centre d'intervention budgétaire et sociale de la Mauricie - Bécancour - Nicolet - Yamaska,274 rue Bureau,Trois-Rivières,G9A2M7,Trois-Rivières,cibes-mauricie.ca
Centre Roland-Bertrand,"2183, avenue St-Marc",Shawinigan,G9N2J4,Shawinigan,centrerolandbertrand.com
Club Multivoile 4 saisons,2920 rue Nérée-Beauchemin,Trois-Rivières,G8Z1B4,Trois-Rivières,www.multivoile.com
LA GAZETTE DE LA MAURICIE,942 rue Sainte-Geneviève,Trois-Rivières,G9A3X6,Trois-Rivières,gazettemauricie.com
École de danse Balarel,505 205e Avenue,Shawinigan,G9T3H3,Shawinigan,www.balarel.com
Éditions d'art le Sabord,"154, rue Radisson (sous-sol), CP 1925",Trois-Rivières,G9A5M6,Trois-Rivières,www.lesabord.qc.ca
La Cité de l'énergie,1000 av. Melville,Shawinigan,G9N6T9,Shawinigan,www.citedelenergie.com
Association de chasse et pêche de Notre-Dame-de-Montauban inc.,751 ch. du Lac-du-Castor,Notre-Dame-de-Montauban,G0X1W0,Mékinac,
Journal La Rochelle,670 rue Jean-Nil,Trois-Rivières,G8T8V8,Trois-Rivières,
Coopérative de solidarité du duché de bicolline,1480 ch. Principal,Saint-Mathieu-du-Parc,G0X1N0,Maskinongé,www.bicolline.org
Le gymnase social des premiers quartiers de Trois-Rivières,1060 rue Saint-François-Xavier,Trois-Rivières,G9A1R8,Trois-Rivières,
Caisse Desjardins de La Tuque,341 rue Saint-Joseph,La Tuque,G9X1L3,La Tuque,www.desjardins.com/votre-caisse/index.jsp?transit=81510103
Énergie CMB,"3550, rue Marguerite-Seigneuret",Trois-Rivières,G9A5C9,Trois-Rivières,
La compagnie du cimetière Forest Hill,3300 BOUL. Des Forges,Trois-Rivières,G8Z1V6,Trois-Rivières,centrerousseau.com/installations/cimetiere-forest-hill
Coop de solidarité de St-Adelphe,"501, ROUTE 352",Saint-Adelphe,G0X2G0,Mékinac,
CPE Marie-Lune,3140 rue Louis-Pasteur,Trois-Rivières,G8Z4E3,Trois-Rivières,ciusssmcq.ca
Coopérative d'habitation Les douze du cap,1034 rue De Mézy APP: 3,Trois-Rivières,G8T7E7,Trois-Rivières,
Habitation populaire de La Tuque,492 rue Élisabeth,La Tuque,G9X2B3,La Tuque,
"Bleu forêt, coop de communication responsable",151 rue Saint-Pierre,Saint-Élie-de-Caxton,G0X2N0,Maskinongé,bleu-foret.ca
CPE L'île des Mousaillons,700 rue Lorraine,Trois-Rivières,G8W1E3,Trois-Rivières,
Caisse Desjardins de Trois-Rivières,5625 boul. Jean-XXIII,Trois-Rivières,G8Z4B2,Trois-Rivières,www.desjardins.com/votre-caisse/index.jsp?transit=81510101
Aide chez soi Trois-Rivières,76 boul. Sainte-Madeleine,Trois-Rivières,G8T3K6,Trois-Rivières,aidechezsoi.com/eesad/aide-chez-soi-trois-rivieres
CPE La Culbute,1450 rue du Père-Marquette,Trois-Rivières,G8Z4N5,Trois-Rivières,www.cpelaculbute.com
Maski en forme,871 A boul. Saint-Laurent Ouest,Louiseville,J5V1L3,Maskinongé,www.maskirecolte.com
Association chasse et pêche Bordure du Parc,600 ch. de l'Esker,Saint-Mathieu-du-Parc,G0X1N0,Maskinongé,
Les aides familiales de Mékinac,"301 ST-JACQUES, LOCAL 201",Sainte-Thècle,G0X3G0,Mékinac,aidesmekinac.ca
Académie de tennis l'Échange,7050 RUE Marion,Trois-Rivières,G9A6G4,Trois-Rivières,academielechange.com
La corporation halte-camping du Lac clair et du Lac Roberge,650 AVE 4e APP: bur 7,Grandes-Piles,G0X1H0,Mékinac,airenature.com
Pavillon de l'assuétude,3383 rue Trudel,Shawinigan,G9N6R4,Shawinigan,www.pavillondelassuetude.ca
Les ateliers Latuquois,429 rue Joffre,La Tuque,G9X2M5,La Tuque,
LE BON CITOYEN,45 rue Fusey,Trois-Rivières,G8T2T6,Trois-Rivières,www.leboncitoyen.org
"Coopérative de solidarité Enfant Nature",1250 avenue de la Station bureau 403,Shawinigan,G9N8K9,Shawinigan,coopenfantnature.org
CAPE - Centre d'activités populaires et éducatives,378 rue Scott,La Tuque,G9X1P5,La Tuque,capelatuque.com
TACM - Transport adapté du comté de Maskinongé,624 avenue Dalcourt,Louiseville,J5V2Z6,Maskinongé,
La Criaillerie,1623 Avenue Saint-Marc,Shawinigan,G9N2H4,Shawinigan,lacriaillerie.ca
Le Wilson - Café Boutique,452 Av. Willow,Shawinigan,G9N1X2,Shawinigan,
Voix de Pasaj,127 rue Radisson,Trois-Rivières,G9A2C5,Trois-Rivières,www.facebook.com/Voixdepasal
Mauricie Arts Vivants,2530 chemin Saint-Édouard,Saint-Mathieu-du-Parc,G0X1N0,Maskinongé,
"La Bourgade, coopératve de solidarité",3981 rang Saint-Alexis,Saint-Luc-de-Vincennes,G0X3K0,Des Chenaux,
Sourire mobile,1060 rue St-François Xavier bureau 125,Trois-Rivières,G9A1R8,Trois-Rivières,
Coup de main Mauricie,"1515, rue Sainte-Marguerite",Trois-Rivières,G9A5E7,Trois-Rivières,www.coupdemainmauricie.org/
Nomad.tv,1250 ave de la Station,Shawinigan,G9N1V5,Shawinigan,
ZECS Mauricie,1060 rang St-Pierre,Hérouxville,G0X1J0,Mékinac,www.zecsmauricie.com
Digihub,1250 ave de la Station,Shawinigan,G9N8K9,Shawinigan,digihub.ca
Reliefs Mauriciens,1890 Chem. Principal,Saint-Mathieu-du-Parc,G0X1N0,Maskinongé,reliefs.ca/accueil
Coop aventures Matawin,219 chemin de la Matawin,Trois-Rives,G0X2C0,Mékinac,coopaventuresmatawin.ca/
Stratégie Carrière,7175 rue Marion bureau 310,Trois-Rivières,G9A5Z9,Trois-Rivières,www.strategiecarriere.com
Onirik académie,470 16e Avenue,Shawinigan,G9T1C4,Shawinigan,
Flore sauvage coopérative brassicole,3521 chemin de Sainte-Flore,Shawinigan,G9T1A6,Shawinigan,
Association des proches aidants de l'énergie Maison Gilles-Carle de Shawinigan,"1660, 10e Avenue",Shawinigan,G9T5M8,Shawinigan,prochesaidantsshawinigan.ca
La Factrie 701,"701, 4e rue",Grand-Mère,G9T6J3,Shawinigan,www.factrie701.com
Club Chasse et Pêche St-Maurice,Chem. du Lac-Wayagamac,La Tuque,G9X3N8,La Tuque,
La Ruche d'art Kokomino,Communauté de Wemotaci,Wemotaci,G0X3R0,La Tuque,www.facebook.com/p/Ruche-dArt-Kokomino-100067172862505
Les Diplomates,1795-1799 114e Avenue,Shawinigan,G9P2C4,Shawinigan,lesdiplomates.org
